Ref,Val,Package,PosX,PosY,Rot,Side
"","","",145.750000,-82.884717,90.000000,top
"","","",145.750000,-131.884717,0.000000,top
"","","",194.450000,-131.834717,0.000000,top
"","","",183.750000,-142.634717,0.000000,top
"","","",156.450000,-136.784717,0.000000,top
"","","",150.700000,-133.084717,0.000000,top
"","","",156.450000,-143.784717,0.000000,top
"","","",183.750000,-134.134717,0.000000,top
"","","",194.450000,-81.934717,0.000000,top
